image_url,name,content,haha_count
//pic.qiushibaike.com/system/avtnew/4364/43646592/thumb/default_avatar.jpg?imageView2/1/w/50/h/50,,这是有多投入，后来别发现的视频没拍到，吓闺女一跳 [大笑][嘿嘿][嘿嘿][嘿哈][笑哭][色色的][色色的][do,161
//pic.qiushibaike.com/system/avtnew/4367/43675922/thumb/20200402130316.jpg?imageView2/1/w/50/h/50,,型男陈建州胖到没朋友250斤惨变异性绝缘体,170
//pic.qiushibaike.com/system/avtnew/905/9055465/thumb/20141225133456.jpg?imageView2/1/w/50/h/50,,气沉丹田武林高手啊[强],254
//pic.qiushibaike.com/system/avtnew/2898/28987714/thumb/20200317170833.jpg?imageView2/1/w/50/h/50,,最近天干物燥。同事的嘴唇都干裂了，我关心地问他：“你的嘴唇都裂开口了，很痛吧？多长时间了？”他满不在乎地擦了一下血迹：“没事儿，刚裂。”,174
//pic.qiushibaike.com/system/avtnew/4311/43119099/thumb/20191231170431.jpg?imageView2/1/w/50/h/50,,一切尽在下图中PS非原创,199
//pic.qiushibaike.com/system/avtnew/3788/37881703/thumb/20180504161159.JPEG?imageView2/1/w/50/h/50,,你知道为什么图书馆不让穿拖鞋？不知道呢！因为怕舔手翻书的人和抠脚的人打起来！,388
//pic.qiushibaike.com/system/avtnew/1063/10633497/thumb/20180416103701.JPEG?imageView2/1/w/50/h/50,,这怕是草原上最惨的猛兽了！,152
//pic.qiushibaike.com/system/avtnew/1387/13879405/thumb/20191110223544.jpg?imageView2/1/w/50/h/50,,【题云祖峰】云海巅峰高世尘，道听深处有长春。凡夫到此空思望，徒叹氤氲说太真。,243
//static.qiushibaike.com/images/thumb/anony.png?v=b61e7f5162d14b7c0d5f419cd6649c87,,惨了鹦鹉不回来了..,488
//pic.qiushibaike.com/system/avtnew/999/9996015/thumb/20191104082739.jpg?imageView2/1/w/50/h/50,,唐伯虎钳秋香,169
//pic.qiushibaike.com/system/avtnew/329/3299552/thumb/20200321015951.jpg?imageView2/1/w/50/h/50,,我老公跟他弟弟五官长得挺像的，但是我老公胖，他弟弟瘦，外形差别也很明显，但弟弟他儿子有时候分不清，小孩两岁多，说话也晚，每次老公和婆婆视频，小家伙就凑过来，上来,349
//pic.qiushibaike.com/system/avtnew/3353/33536099/thumb/20180815154809.jpg?imageView2/1/w/50/h/50,,一个很有效的解决问题方式……,251
//pic.qiushibaike.com/system/avtnew/3268/32685258/thumb/20200103224944.jpg?imageView2/1/w/50/h/50,,狗子也有害怕的时候,168
//pic.qiushibaike.com/system/avtnew/3245/32455456/thumb/2016081807402755.GIF?imageView2/1/w/50/h/50,,上古卷轴5，一地的金砖，电脑都卡死了,106
//pic.qiushibaike.com/system/avtnew/2730/27307338/thumb/20150405094656.jpg?imageView2/1/w/50/h/50,,宫本就是这样被削成超级兵的？,154
//pic.qiushibaike.com/system/avtnew/2642/26425288/thumb/20191026160956.jpg?imageView2/1/w/50/h/50,,这就是闺蜜啊[捂嘴][捂嘴][捂嘴][捂嘴][捂嘴]养了个娃儿一样,310
//pic.qiushibaike.com/system/avtnew/3238/32386081/thumb/20191116110941.jpg?imageView2/1/w/50/h/50,,住手，正考试呢,237
